text,label,Notes
"Olise in no way or forms is better than Yamal, there is a reason why Yamal is compared to Messi/Neymar which Olise is not...",analysis,"Uses statistics (goals, dribbles per game), player comparisons, and reasoning about dribbling ability and carrying a team. Strong opinion, but heavily justified."
Messi is still the best,hot_take,Simple opinion with no supporting evidence or explanation.
"Haaland has 60+ G/As this year, Rice has been simple outstanding for Arsenal and probably the best in the world in transitions and delivery.",analysis,"References performance metrics and specific football qualities (transitions, delivery) to support the claim."
Mbappe: I know this is unpopular but I truly think he is the best player right now... Harry Kane... Lamine Yamal... Dembele... Olise... Kvaratskhelia... Pedri... Luis Diaz... Vitinha... Vinicius Jr...,analysis,"Although it contains rankings and opinions, most claims are supported by football reasoning such as goals, dribbling, pressing, playmaking, consistency, and off-ball movement."
"I played five aside against a guy who was at Man Utd youth until u15's then got badly injured and had to give up on pro-football. 10 years later, when I played against him he was fat, slow, smoked and drank a lot, and we still couldn't get near him.",reaction,Personal anecdote expressing amazement. Not making a broader football argument.
90% of football is played with the mind!,hot_take,Broad assertion with no supporting evidence or explanation.
Played against Freddie Adu in my youth. He was a year younger then my team and played “up” against us. We were really good. National champs (USA). He was good. Really good. But not mind blowing good. Best player on the field. But we still won the game.,reaction,Personal experience and observation rather than football analysis.
Both Messi and Ronaldo above Bruno. Just give me a break.,reaction,Dismissive response to another opinion. No reasoning provided.
"bruh i know my flair but estevao in front of foden and cucurella is horseshit, he has potential but rn he’s not better than those both in any way lol.",reaction,"Emotional disagreement without evidence. Borderline hot take, but reads more like a reaction to a ranking."
"Trionda is Jabulani 2.0 (too smooth), its why a lot of weird goals have been going in this tournament e.g., Messi v Zidane, Kim v Mexico, etc.",analysis,Provides a causal explanation linking the ball design to unusual goals.
3 more goals each from mbappe messi and haaland today so we can troll Ronaldo more,reaction,Joke/humor. No substantive football argument.
So hyped for Messi ball. All I could think of all day. 1 more assist to have the most assists in World Cup history. 1 more goal to have the most goals in World Cup history. All of this success when he was labelled a flop by the media for Argentina,reaction,Primarily excitement and admiration. Statistics are used to celebrate rather than analyze.
I am more and more convinced Bielsa would've been considered a mastermind if he'd gone the 2017 Scaloni route and become an analyst instead. He knows a lot about football and his conceptions of tactics are good by themselves but he's repeatedly had issues in every other facet of managing a team,analysis,Evaluates tactical knowledge versus managerial shortcomings and explains the reasoning behind the conclusion.
Think I just gotten too used to seeing Haaland that I forget to most people he looks like a cryptid,reaction,Humorous observation unrelated to football performance analysis.
I think 2014 Germany's was also absurd. 2010 Spain's depth is just unfair though. The gap in quality to any other midfield is humongous.,analysis,Comparing midfield quality and squad depth. Gives football evaluation rather than pure opinion.
"Unpopular opinion, Portugal's current midfield is the second best assembled by a national team this century after Spain's 2010.",hot_take,Bold ranking claim with no supporting reasoning.
"Arguably the best midfield of all time. Xavi, Iniesta, Busquets, in their prime. They played a different game. Santiago Cazorla and David Silva, two of the Premier League's most talented footballers, never got a look in. If that team had world-class players instead of Pedro and Capdevila, it would have been the greatest of all time.",analysis,"Supports the claim using player quality, depth, and historical context."
I personally think England's current midfield is much better.,hot_take,Opinion without explanation.
"I thought Verratti, Jorginho, Barella was great in Euro 21 too. But not this good.",hot_take,Comparative judgment with little supporting evidence.
"Germany had a better midfield with Schweinsteiger, Khedira, Kroos and Ozil.",hot_take,Claim without reasoning.
"Rice, Anderson, Bellingham may be one of the best midfields of any England side, ever.",hot_take,Strong evaluation without supporting argument.
"England’s midfield is young but promising - Bellingham, Rice and Anderson. It’s really well balanced and could be a mainstay for years.",analysis,"Gives reasoning (youth, balance, longevity potential)."
Unpopular Opinion: Lamine Yamal is good at football.,reaction,Sarcastic/humorous comment rather than serious analysis.
Just wait until you see Martinez play Neves at right back.,reaction,Joke/sarcasm. No substantive argument.
Don’t forget Bernardo Silva.. he’s been a CM too recently rather than a wide player.,analysis,Adds relevant tactical/player-role information to the discussion.
"PSG don't have a destroyer either, but they've done pretty well.",analysis,Uses a football example as evidence in a discussion about midfield construction.
Hot take: That midfield can’t control games or retain possession and can’t function outside of creating chances and ball winning. Largely due to the only tempo-setting player being Vitinha and Bruno always trying audacious passes irrespective of game state. So the real test is how good Portugal will be at defending and how hard they are to break down.,analysis,"Despite starting with ""Hot take,"" it provides detailed tactical reasoning about possession, tempo control, and defensive structure."
Nah the Portugal midfield is better than Spain’s 2010.,hot_take,Bold comparative claim without evidence.
"Never played well as a unit is barely true given that they barely played together, because Roberto Martinez for some reason wasn't playing them together most of the time.",analysis,Explains a cause for the perceived issue and provides reasoning.
Portugal’s midfield is so awesome. Remember that joga bonito thing the Brazilians used to be known for? I actually think the Portuguese midfielders are playing that style of football. The Brazilians are actually kinda boring to watch now.,analysis,"Subjective, but includes stylistic football comparison and explanation."
"I love Bruno but I cannot agree with this. Busquets, Iniesta and Xavi were on a different planet in that 4-6 year period. They wreaked havoc for club and country, winning three back-to-back major tournaments. I don't think any midfield will ever come close. Maybe Portugal can match on paper, but not results.",analysis,"Uses achievements, historical results, and player performance as evidence."
Fabián is literally second fiddle to two of Portugal midfield and Rodri was awful all year and injured. No chance.,analysis,Uses player status and recent form as justification for the opinion.
"Bruno is not the best player in the PL lmao. I'd put France 2006 over them. Zidane, Makelele, Vieira, Ribery all absolutely phenomenal.",analysis,Supports the comparison by referencing specific players and their quality.
"A midfield that has barely played together and has so far achieved nothing. No one with an ounce of football knowledge would put them anywhere near the top midfields yet. They are lightyears behind Busquets, Iniesta, Xavi.",analysis,"Uses lack of achievements, chemistry, and comparison to legendary midfields as reasoning."
"Bellingham - Real Madrid Galactico. Rice - Runner-up in the UCL, Premier League winner. Anderson - Absolute baller who's going to be huge. Now it's not confirmed whether they can play together (Gerrard/Scholes/Lampard couldn't) but Xavi/Iniesta/Busquets are clearly the goats of this debate.",analysis,"References accomplishments, historical examples, and squad fit considerations."
I still think Arsenal would be a better team with someone like Watkins or Toney up front instead of Havertz.,hot_take,Football opinion with little supporting explanation.
Liverpool is not a special club that gave his players special mentality because of the badge and history. 100%.,hot_take,Strong assertion without evidence.
The reason Liverpool has fallen off this hard is because Nunez needs 15 big chances before he scores. If he converted half his chances he’d score 40 a season and you cant win with a striker like that.,analysis,Explains Liverpool's decline by pointing to Nunez's finishing inefficiency and its impact on team performance. Cause-and-effect reasoning is present.
Michael Oliver has been City's most important man this season.,hot_take,Controversial claim implying referee influence. No evidence or reasoning provided.
"Arsenal have evolved into a defensive, cautious, structured team over Arteta's time, and is really taking shape this season. If this trajectory continues, they'll start looking more like a Simeone/Mourinho/Conte team than anything Pep-lite.",analysis,"Discusses tactical evolution, team structure, and compares Arsenal's style to other managers' philosophies. Strong football reasoning."
The reason Liverpool has fallen off this hard is because Nunez needs 15 big chances before he scores. If he converted half his chances he’d score 40 a season and you cant win with a striker like that.,analysis,Explains a perceived team issue using player performance and finishing efficiency.
Michael Oliver has been City's most important man this season.,hot_take,Provocative statement with no supporting argument.
I still think Arsenal would be a better team with someone like Watkins or Toney up front instead of Havertz.,hot_take,"Football opinion, but no explanation is provided for why those strikers would improve the team."
"Having watched football since the 90s, I have spent this last season and this Euro 2024 really questioning why I don't enjoy most football matches anymore. I can't quite put my finger on it yet.",reaction,Personal reflection/emotional response. No football analysis provided.
I used to play with Diego Fagundez. He was a prick before and he's a prick now.,reaction,"Personal anecdote/opinion about a person, not football analysis."
Sabitzer looks locked in.,reaction,Brief observation without explanation.
It'll be mad funny if Sabitzer dunks a hattrick on Dibu.,reaction,Humorous speculation.
"I don’t understand why they do that walk thing during a penalty.. same as Kane before he got to do it again, walk up and miss. Just shoot damn it.",hot_take,Expresses a football opinion but provides little substantive reasoning.
Sweden is showing that they have not one but two elite strikers.,hot_take,Strong football assessment with no supporting evidence.
"Don't forget, Gyokeres is only elite when he doesn't play for Arsenal.. apparently.",reaction,Sarcasm/mockery rather than analysis.
"In a conversation where his co-panelist is casually reminiscing about his days playing alongside Messi or exchanging shirts with Ronaldo Nazário at the World Cup, what exactly is Lalas going to talk about – coming on as a second-half substitute for Earnie Stewart in a friendly against Scotland in 1998? lol",reaction,Humorous criticism of Lalas.
"It’s crazy that it took everyone this long to realize how much of a shitty commentator Lalas is. I've hated him since the 2014 World Cup. His takes have been bad since the beginning. Extremely arrogant for how average of a player he was. He acts like he was the superstar of the US teams in the 90s, but he literally hasn’t achieved anything in soccer.",hot_take,"Strong judgment with some justification, but largely opinion-driven and not analytical football discussion."
"Totally. Also not a fan of Julie Foudy in the studio, despite her great playing career. Give me the adopted Americans any day.",reaction,Personal preference regarding commentators.
they should’ve gotten Vieri or ADP to go with Zlatan & Henry and stuck Lalas with the US crew they have for games. FOX is happy as long as he continues to say stupid shit to get people talking.,hot_take,Assertive claim about FOX/Lalas without evidence.
"Lalas knows he's a clown and is banking on it. A professional troll. The truth is he's Stephen A. Smith before SAS was ever given any attention, with the added bonus that he was at one point a professional player yet not on the same level as his peers. That makes his views come off as cynical.",analysis,Explains why the commenter believes Lalas behaves this way. Reasoned critique rather than pure emotion.
Lalas has made a career out of playing the idiot. He’s fully in on the joke.,hot_take,Unsupported assertion.
Kudos to Croatia's goal keeper. He faced an absolute onslaught of shots and did what he could to keep them in the game.,analysis,Evaluates performance based on match events (many shots faced).
"Would love to know what Tuchel said at halftime, we came out the traps hard in the second half thankfully. Weird that for once our defence looks weak but we have a wealth of attacking options, as it's always felt the other way around.",analysis,Discusses tactical/game-state changes and squad balance.
"Kane, Tuchel, and Bellingham all commented on this after the match. Basically ""play our way, don't be scared, if we lose playing our way it won't change my opinion of the last 17 days, but we cannot lose playing scared"".",analysis,Explains the mentality and tactical approach behind the team's performance.
"Kane was superb, that was some proper football.",reaction,Praise without supporting explanation.
Well played England. I hope we pass the group and that we meet again!,reaction,Sportsmanship/emotional response.
"I see this England team more solid than in the previous World Cup. It could have been a wider gap, but the Croatia goalie had some terrific saves.",analysis,Compares teams across tournaments and explains the scoreline through goalkeeper performance.
"Perišić assist is out of this world. England had more quality, Croatia need to bench Modrić, it’s time.",analysis,"Makes evaluative claims and provides reasoning based on comparative quality and player situation. Borderline hot take, but contains football judgment."
I think England the only team that make 22 shots and 11 on target haha other favorite team not even close lol.,analysis,Uses match statistics to support a point about England's attacking performance.
"First all European match of the tournament and it showed. Scrappy, intensive, little drama, end to end stuff.",analysis,Describes and characterizes the style of the match.
Gvardiol had worst game of his career.,hot_take,Extreme claim without evidence.
Croatia had potential.,hot_take,Football assessment with no supporting reasoning.
Wtf was Kane doing on the first PK attempt?,reaction,Immediate emotional response to an event.
"I think Croatia are incredibly dangerous, for us to win the way we did is amazing. I feel like no other team has performed that well as the lineups have been pretty lopsided. This felt like a game of equals with the first clear win. Croatia were brilliant but we just had the depth. They didn't lose because they were inadequate; we won because we switched out an entire midfield and then brought on Spence. It was a game of endurance.",analysis,"Explains why England won using squad depth, substitutions, and endurance rather than simply saying one team was better."
C'mon England.,reaction,Cheer/support for a team.
England look pretty good.,reaction,Simple observation without supporting reasoning.
First competitive game of the tournament. Diluting the pool just killed the group of death. Thanks for a competitive game in the group stage.,analysis,Gives a reason why previous matches were less competitive and evaluates tournament structure.
I think this Tuchel guy might be on to something.,reaction,Humorous/lighthearted praise without explanation.
"Best match so far at this World Cup. Few criticisms though, Kane and Bellingham flopping on the floor and trying to milk contact for fouls that aren't fouls should be cut out. 4K replay will embarrass you instantly. Also Kovacic and Konsa had great clean tackles but the referee called fouls.",analysis,"Evaluates specific player behavior, refereeing decisions, and match quality with examples."
Gordon sucks what were Barcelona thinking.,hot_take,Strong judgment with no supporting evidence.
Can someone show Real Madrid fans this game so they can see what real strikers are like? Mbappe stans think that sitting and waiting for the ball so you can maybe score one goal in eight attempts is great football.,analysis,"Provides reasoning about striker playstyle and efficiency, even though the tone is aggressive."
It's bittersweet when you think of all the great nights like this that we've been denied for years because of Southgate ball.,hot_take,Strong opinion blaming a manager without supporting evidence.
"Regardless of what England ends up doing in this World Cup, Kane deserves the Ballon d'Or.",hot_take,Bold award claim without justification.
"Kane dropping deep with the likes of Saka, Rashford, Jude, Rogers running in behind is a scary prospect.",analysis,Discusses player roles and tactical interactions.
"I wanted Croatia to win the game, kudos to them. Love their goals. They also have a great set of players but the truth is age is catching up to them. Pretty much all have been in the past two World Cups, so it'll be harder for them this time around.",analysis,Explains Croatia's situation using squad age and tournament history.
Great last two quarters by England. Congrats!,reaction,Congratulatory reaction.
Absolute fan of Japan this WC!!!,reaction,Emotional support/excitement.
"turns out Tunisia is just shit, instead of Swedes being strong.",hot_take,Harsh judgment without evidence.
"You can’t help but love the Japanese team every single World Cup. As for Tunisia, no idea why they showed up.",reaction,Emotional praise and frustration.
Tunisia got wrecked. Well done Japan.,reaction,Reaction to the result.
Its nice to see Japan today.,reaction,Positive observation.
Japan is winning the World Cup!!! Let's go!!!,reaction,Celebration/excitement.
Japan are coming for Brazil.,reaction,Playful hype statement rather than serious analysis.
"I will watch this match, I wonder how Spain will play in this match. Will they still show the active and fast style the Spaniards can play?",reaction,Anticipation and curiosity rather than analysis.
Everything that didn't go in last match for Spain is getting scored today lmao.,reaction,Humorous observation about finishing.
Yamal and Olise players you turn on the TV for,reaction,Expression of admiration. No reasoning provided.
"Spain looking sharp early, Saudi Arabia gonna need to sit deep and hope for a counter chance.",analysis,Discusses match dynamics and tactical adjustment (defending deep and counterattacking).
"Oh, this is football...cool...Spain shows what it takes",reaction,Emotional praise without analysis.
"Guys, i know fans gotta support their NT.. but wtf is with this pattern lately; a team losing by 7181 goals then the camera shows their fans happy and celebrating..?!",reaction,Observation/joke about fan behavior.
Ferran please stay on the bench for the rest of the tournament.,hot_take,Strong player judgment without supporting reasoning.
De la Fuente is evil man he hooked Oyarzabal on a hattrick.,reaction,Humorous/frustrated response to a substitution.
I wanna know what they give the goalies on those tiny islands. First Cape Verde and now Curacao. They gotta have some magic in their water or something.,reaction,Humorous praise of goalkeepers.
Curacao goalie came straight out of Shaolin Soccer.,reaction,Joke/humor.
"We need an islands World Cup now. No countries allowed with populations over 1,000,000. All islands.",reaction,Humorous suggestion.
"Ecuador strikers shit, CUR defense shit, CUR GK is now legend.",reaction,"Mostly emotional reaction and hyperbole. Borderline analysis, but lacks actual reasoning."
This was a duel between goal keepers.,analysis,Briefly characterizes the match through goalkeeper performances.
"I petition to rename the word ""badass"" to ""Room"". What a game. The other keeper was also great. Very entertaining second half despite the nil-nil.",reaction,Praise and excitement about the match.
Ecuador did not really recover from that shock against Ivory Coast...It shows how mentally weak the team is.,analysis,Explains performance through mentality and previous match events.
15 shots on goal. All right at the keeper.,analysis,Uses match evidence to explain why goals were not scored.
"Is it me, or have the South American teams disappointed a bit (aside from Argentina)? Maybe Colombia can prove that a false narrative but I’ve generally been a bit underwhelmed by the teams.",reaction,Personal impression rather than a reasoned argument.
"If these teams could manage to score a goal against a European team and hold the 90 minutes, dare I say a SA country that isnt Brazil or Argentina could win this year.",hot_take,Prediction/speculation without substantial supporting reasoning.
This ref has been horrible. Egypt is too good to need the help.,hot_take,Strong claim about refereeing with no evidence provided.
Belgium learned from last match mistake and they are starting Lukaku.,analysis,Explains a lineup decision as a response to a previous mistake.
With this hat trick Messi ties Klose as World Cup top scorer with 16 goals.,analysis,Factual/statistical observation.
The Mbappe vs Messi storyline for all-time top scorer will be headline news for sure.,reaction,Excitement about a storyline rather than football analysis.
Mbappe. Haaland. Messi. The big boys came to play today! What a day!,reaction,Celebration and excitement.
"I love watching Messi play, not only do you get to watch great football, you get to hear great poetry from the commentators 😂",reaction,Personal enjoyment/humor.
Lionel Messi is the oldest player to score a hat-trick at a World Cup game. He is also now tied with Miroslav Klose as the joint-top goalscorer of all time at 16 goals at the FIFA World Cup.,analysis,Pure statistical information.
"GOAT for a reason, Messi is timeless. Scoring a hat trick in the World Cup at 39 years old is madness.",reaction,Praise and amazement.
"goat behavior. argentina look sharp. the most cohesive ive seen a team play this competition. germany maybe second but need to see them against tougher opposition. still cant believe messi scored hat trick, would be crazy if they are champions again this year",analysis,Evaluates team cohesion and compares teams while providing reasoning.
messi showing us why he is still the goat and scoring the first hat trick in this WC,reaction,Admiration rather than analysis.
"algeria got more possession than argentina, but goddamm 3-0, this is a luxury bus with messi's brand on it",analysis,References possession statistics and match outcome to make a point.
Not sure why Algeria didn't start with Mahrez and Aouar.,analysis,Questions a tactical/selection decision.
The GOAT steals the show and powers Argentina to a dominant victory.,reaction,Celebratory statement.
"Huge Red Card for Messi, but nothing happens to FIFA'S princess.",hot_take,Strong controversial claim without evidence.
"unc ronaldo or not, portugal was bad. who is this doctor congo?",reaction,Immediate reaction to the match.
"Portugal was horrible, regardless of Ronaldo. Martinez’ tactics were shocking.",analysis,Critiques team performance and coaching tactics.
All Portugal players were shit today.,reaction,Emotional frustration with no reasoning.
The amount of boos to Portugal and Ronaldo was easily heard through the TV despite the studio crew talking over it.,reaction,Observation about crowd reaction.
"Congo's defence was like a literal wall, no matter what dribbles or angles Portugal came up with. Their man marking was insane, they locked onto Ronaldo and he couldn't find space. Congo's defence was definitely an A. Bakambu needs to improve his finishing because he missed chances that could have won the game. Their passing was also poor, but great match nonetheless.",analysis,"Detailed discussion of defending, man marking, finishing, and passing."
Portugal found an early goal but afterwards they retreated into their own half. They only had one shot in the first half. Martinez's game plan made no sense. Congo was the better side and deserved the point. Portugal looked lost while Congo executed a clear plan.,analysis,Extensive tactical reasoning and match analysis.
"Portugal look downright horrible, I don't see them going far. Not even going to address the elephant in the room, Father Time is undefeated.",hot_take,Prediction and opinion with little supporting reasoning.
Portugal aren't going past the round of 16.,hot_take,Prediction without evidence.
"I am completely unbiased, I am a fan of both Messi and CR7, but Portugal as a whole looked pretty bad today. Messi and Argentina looked far better yesterday.",analysis,Compares team performances and provides an evaluation.
"Martinez tactic was fk trash, this was the worst football match I have ever watched on that level. Congo was good, Portugal fans should bash Martinez and not Ronaldo. Let's enjoy Cristiano, the end is near for him unfortunately.",analysis,"Despite emotional language, it attributes blame to tactics and distinguishes coaching from player performance."
"If Portugal are going to insist on sending in crosses all game, they should swing them in earlier before opposition defenders get set up. CR7 is still an aerial threat and a good runner in the box, if they insist on using him.",analysis,Tactical suggestion supported by reasoning about crossing and Ronaldo's strengths.
"Terrible performance from Portugal. Major props to Congo. Good defending in the center, brilliant game on pressing.",analysis,Gives specific football reasons (defending and pressing) for the assessment.
"against a strong team portugal would get absolutely destroyed,, congo werent a good team but their defense completely destroyed them, wait for someone with good attack and portugal will record new history in losing",analysis,Explains the prediction using Portugal's struggles against Congo's defense and projecting what stronger attacking teams could do.
Messi is going to score 5 goals against Jordan,hot_take,Bold prediction with no supporting reasoning.
"The touch after Pepe passed it in the box…why he didn’t shoot first time is beyond me. Insanity, then goes on to go down 2-1, sucks. Good outing, but definitely missed too many chances against a team as good as Germany.",analysis,Evaluates a specific decision and links missed chances to the result.
Nmecha and Undav are monsters.,reaction,Praise without explanation.
I was so impressed by the way Ivory Coast played. I really hope Norway can finish second so we get to see Ivory Coast vs Norway.,reaction,Personal enthusiasm rather than analysis.
Felix Nmecha is carrying our team so far. And Undav is a beast too.,reaction,Praise and excitement without reasoning.
"Why Sane is in the squad puzzles me, why he is in the starting XI puzzles me even more.",hot_take,Strong player-selection opinion with no evidence.
Netherlands revenge for Tunisia lol,reaction,Joke/reference to a previous result.
Sweden were threatening during those 20-25 mins after the hydration break and before half time. Second half completely different. I believe Potter wouldn't have had time to explain tactics during the first half break when he gave up all the time for the irrelevant interview.,analysis,Discusses momentum shifts and possible tactical factors.
I think the Netherlands can go far.,hot_take,Prediction without supporting reasoning.
The Swedes needed to play more aggressively.,analysis,Tactical suggestion about style of play.
Qatar are obviously absolute dogwater but I love seeing a minnow like Canada playing football with so much passion and enjoyment.,reaction,Emotional praise/support.
Well-done Cape Verde. What an amazing performance.,reaction,Celebration without analysis.
Vozinha gonna be in the Premiership next season.,hot_take,Prediction/speculation without evidence.
Mbappe second goal is a masterpiece. The previous two goals came from very good passes.,analysis,Evaluates goals and identifies the role of chance creation.
I feel a better attacking team might expose France's defence. Their defence and keeper are a bit questionable. Senegal were unlucky not to be 2 up at half time.,analysis,Identifies weaknesses and uses match evidence to support the point.
The second half France team was totally different. Intensity showed in the game.,analysis,Explains improved performance through increased intensity.
France had the biggest edge in the first half and Mbappé showed his true skills in the second half.,analysis,Evaluates match flow and player performance.
"I will watch this match, I wonder how Spain will play in this match... will they still show the active and fast style the Spaniards can?",reaction,Anticipation and curiosity.
Ferran please stay on the bench for the rest of the tournament.,hot_take,Strong player judgment without reasoning.
De la Fuente is evil man he hooked Oyarzabal on a hattrick.,reaction,Humorous/frustrated reaction to a substitution.
South Korea found their urgency a little too late.,analysis,Explains the timing of their performance issue.
Mexico get away with some of the most ridiculous fouls.,hot_take,Strong claim without evidence.
Mexico has no game. They played a really lame strategy.,analysis,"Criticizes the team's tactical approach, albeit briefly."
Both teams are pedestrian and will likely lose in Round of 16.,hot_take,Prediction and judgment with no supporting reasoning.
Boring game.,reaction,Pure emotional reaction.
I found it a little weird actually. Son was moving super slowly and gave up chasing when the ball was slightly closer to the defender. Also the constant passing backward was super boring. It made their possession look artificially high.,analysis,"Provides specific observations about player effort, tactics, and possession."
Mexico is gonna get whooped the way they play. They should risk it all and just attack non stop. They do really good on attack. They rely on the defense and goalie way too much. This team always hypes up the fans and lets them down.,analysis,Gives reasoning about tactical imbalance and expected consequences.
Manzambi and Vargas coming in really changed the game.,analysis,Attributes a change in the match to substitutions.
"A lot of huff and puff. I don’t think Morocco were that impressive, though they were in control for a lot of the match.",analysis,Evaluates performance and acknowledges match control.
Bouaddi is seriously impressive. Not the best quality game. Thought Morocco would go after it a bit more to at least have a two-goal cushion. Scotland were pretty solid but seeing them go down in the box so much was tiring. It seemed like the players didn't believe they were getting a goal from anywhere other than the spot.,analysis,"Discusses tactics, game management, and player behavior with supporting observations."
Two missed penalties against Morocco but somehow the ref caught every flop Morocco made. They're obviously more skilled but somehow feel they need to resort to dirty plays and flops.,analysis,Supports criticism with specific match events (penalties and perceived simulation).
Archie Gemmill needs to come back to take this team into the next leg lol.,reaction,Joke/humor.
Morocco's defence is like an iron wall goddamn.,reaction,Praise without explanation.
Morocco should be playing Bouaddi more in center than DM. He can control the game better from there. Feel like he is wasted deep and Morocco are unnecessarily playing defensive when not needed.,analysis,Tactical argument about positioning and game control.
USA's midfield is just running circles around them right now. Australia's got decent shape at the back but they're getting picked apart in transition. Seen this pattern before where a team sits deep early and gets caught out because they can't win the ball back quickly enough. If the Aussies want to stay in this they need someone pressing higher.,analysis,"Detailed tactical analysis involving midfield control, transitions, pressing, and defensive shape."
USA dropping $6 million and making Pochettino the third highest-paid national team coach in the world is looking like a shrewd investment.,analysis,Evaluates a managerial decision based on current results/performance.
These Aussies are not the same ones we played against bruv. Wtf is this performance.,reaction,Emotional response to poor play.
"Australia playing badly, especially their defenders. Their passes are constantly being intercepted by the USA midfield. America is playing a dominant game.",analysis,Explains the performance difference through midfield dominance and passing issues.
"I'd say this is a pretty good result for Brazil. Having said that, I still think this Brazilian team isn't at the level of the top-tier teams in the tournament yet.",analysis,Evaluates Brazil while comparing them to stronger teams.
Cunha is the next star.,hot_take,Bold prediction without evidence.
Vini under Carlo is something else.,reaction,Praise without explanation.
"England fan but fucking hell, Livakovic.",reaction,Admiration/excitement.
"No Maguire, England defense can’t win one header.",analysis,Links a defensive weakness to a specific player's absence.
"Man of the match has to be the Croatian keeper. He had one hell of a game, and I'm an England fan.",analysis,Evaluates a player's performance based on match impact.
"Harry Kane World Cup hat-trick, I’ll be there.",reaction,Excitement/hype.
Is it me or did Bellingham dive a lot? I think Croatia’s first goal is because he dived and stayed on the ground when he didn't get the foul.,analysis,Provides a cause-and-effect explanation for a goal.
England is unfortunately pretty good this World Cup.,reaction,Personal reaction/opinion.
"I genuinely feel right now Colombia could be the second-best team in South America. Based on what I saw in Copa America 2024, they have the personnel to make a good run. Portugal and Congo have their work cut out for them against Uzbekistan. I thought a 48-team World Cup would bring a lot of weak teams, but so far I've been proven wrong.",analysis,Uses previous tournament observations and squad quality to support the claim.
I think Casemiro was the weak link. They made two substitutions at halftime and it seemed to turn the tables.,analysis,Identifies a player issue and supports it with tactical changes and match outcome.
Morocco really just seemed to lack quality in the final third. Cunha should start for Brazil imo.,analysis,Evaluates attacking quality and proposes a lineup change.
"Brazil was so disappointing to watch. The attack was good in the first half but in the second half they focused on defending and missed good chances. Their midfield and defense are very weak. If they want to win the World Cup, they need Neymar and need to improve midfield and defense.",analysis,Detailed evaluation of multiple aspects of team performance.
They were getting killed on the counter by Morocco. Raphinha needs to step it up. Vini had a good first match to build from. I loved seeing him track back and his goal too.,analysis,"Discusses counterattacks, individual performances, and defensive work rate."
Ancelotti's demeanor spoke volumes. Kudos to Morocco. They should have won.,analysis,Interprets managerial reaction and evaluates the deserved result.
Can’t believe Neymar didn’t score. Oh man - he’s injured.,reaction,Surprise/disappointment. No football analysis.
"Paqueta was a real weak link, in the first half it looked like he was playing with Morocco against Brazil. Even when he received the ball alone he lost it with bad passes or poor control. Also Carlo played the first half without anyone operating on the right side, which was shocking. Endrick should have started on the right. Hopefully Carlo learns from that and improves the team during the World Cup.",analysis,"Discusses player performance, tactical setup, positional issues, and lineup decisions with supporting observations."
"Vini was pants outside of the wonder goal he scored. He miscontrolled 4-5 passes, Hakimi had him all game. Brazil looked better with Fabinho in midfield and Cunha in attack. Morocco looked balanced and organized but lacked a killer instinct.",analysis,Uses specific examples and tactical observations to evaluate players and teams.
Vini was the only Brazilian who looked like an athlete.,hot_take,Strong judgment with no supporting reasoning.
Germany had lower possession than Switzerland or Turkey in their respective games.,analysis,Statistical observation.
Brazil at the same level as a country a lot of us have not heard of. After watching yesterday I think Curacao would beat Brazil.,hot_take,Exaggerated football judgment/prediction without evidence.
"If Uruguay had let themselves lose, they would have been world champions.",hot_take,Counterfactual claim with no supporting explanation.
"Great start for Morocco. Hope they can keep this up, they're playing some beautiful football.",reaction,Praise and enthusiasm rather than analysis.
"I thought France was going to be Spain from yesterday with the way they couldn't convert the open chances, but luckily they got their guard up. Senegal should have made the substitutions better, Mbaye should have been brought on much earlier. France's passing was quite horrible in the first half, but the team stepped up in the second. Senegal could have put a lot of pressure on France and should have taken advantage of the opportunity.",analysis,"Discusses chance conversion, substitutions, passing quality, game-state changes, and tactical opportunities. Strong football reasoning throughout."
Olise was basically playing a right wing back in the first half and got moved to the number 10 in the second half and completely dictated the game.,analysis,Positional/tactical analysis explaining how a role change affected performance.
Mbappe second goal is a masterpiece. The previous two goals came from very good passes. Well done.,analysis,Evaluates goals and credits chance creation/passing as part of the explanation.
I feel a better attacking team might expose France's defence. Their defence and keeper are a bit questionable. Senegal were unlucky not to be 2 up at half time.,analysis,Uses match evidence to identify weaknesses and predict future issues.
Nicholas Jackson has never been that guy.,hot_take,Strong player judgment with no supporting evidence or explanation.
Mbappe will leave the WC with 20+ WC goals,hot_take,Bold prediction about future performance with no supporting reasoning or evidence.